{
 "about": "Replay fixture for `theta demo`: steady-state per-GPU R_theta from a real incident on a production 64x H100 fleet (8 HGX nodes) at a top US research university, matched-load job, ~5s samples. Operator de-identified (node pseudonyms); numerics unchanged.",
 "alert_threshold_c": 85.0,
 "fleet": {
  "node-01:0": {
   "P_mean": 655.8817509727627,
   "T_mean": 65.50972762645914,
   "n": 514,
   "r_mean": 0.06229160226063572,
   "r_std": 0.0072719143701357
  },
  "node-01:1": {
   "P_mean": 658.8352983193279,
   "T_mean": 61.205882352941174,
   "n": 476,
   "r_mean": 0.0553001776772844,
   "r_std": 0.006203378706141522
  },
  "node-01:2": {
   "P_mean": 652.8578055555556,
   "T_mean": 61.551587301587304,
   "n": 504,
   "r_mean": 0.05623968106912818,
   "r_std": 0.005826390766457449
  },
  "node-01:3": {
   "P_mean": 658.0854252873562,
   "T_mean": 66.544061302682,
   "n": 522,
   "r_mean": 0.06362809718051743,
   "r_std": 0.00702769592510968
  },
  "node-01:4": {
   "P_mean": 651.4675725490196,
   "T_mean": 67.98823529411764,
   "n": 510,
   "r_mean": 0.06637651077465667,
   "r_std": 0.006387157569422068
  },
  "node-01:5": {
   "P_mean": 654.5571444444445,
   "T_mean": 59.72962962962963,
   "n": 540,
   "r_mean": 0.05346302969846896,
   "r_std": 0.006027119278275677
  },
  "node-01:6": {
   "P_mean": 651.0107622641509,
   "T_mean": 68.00377358490566,
   "n": 530,
   "r_mean": 0.06671969466958336,
   "r_std": 0.008041497278561505
  },
  "node-01:7": {
   "P_mean": 661.0483375527426,
   "T_mean": 61.767932489451475,
   "n": 474,
   "r_mean": 0.05589273053792004,
   "r_std": 0.006195062138972253
  },
  "node-02:0": {
   "P_mean": 650.097841004184,
   "T_mean": 65.15481171548117,
   "n": 478,
   "r_mean": 0.062286055337303615,
   "r_std": 0.007926017892862526
  },
  "node-02:1": {
   "P_mean": 651.8536451612903,
   "T_mean": 61.99193548387097,
   "n": 496,
   "r_mean": 0.05688963422440877,
   "r_std": 0.0064956445050322435
  },
  "node-02:2": {
   "P_mean": 652.23468,
   "T_mean": 60.90222222222222,
   "n": 450,
   "r_mean": 0.05532475880560565,
   "r_std": 0.00608974067970752
  },
  "node-02:3": {
   "P_mean": 649.9009596774193,
   "T_mean": 65.7258064516129,
   "n": 496,
   "r_mean": 0.06329357526307666,
   "r_std": 0.008301283080417301
  },
  "node-02:4": {
   "P_mean": 659.3492822580646,
   "T_mean": 70.04435483870968,
   "n": 496,
   "r_mean": 0.06866520357037706,
   "r_std": 0.007448038502727393
  },
  "node-02:5": {
   "P_mean": 651.9797815126051,
   "T_mean": 65.33193277310924,
   "n": 476,
   "r_mean": 0.06220536540191102,
   "r_std": 0.006584840285192465
  },
  "node-02:6": {
   "P_mean": 652.7631759999999,
   "T_mean": 70.924,
   "n": 500,
   "r_mean": 0.07080291163702772,
   "r_std": 0.007268056664759249
  },
  "node-02:7": {
   "P_mean": 645.7174901185771,
   "T_mean": 63.92094861660079,
   "n": 506,
   "r_mean": 0.06071753097347836,
   "r_std": 0.0067260966709949445
  },
  "node-03:0": {
   "P_mean": 645.2431966527197,
   "T_mean": 64.61087866108787,
   "n": 478,
   "r_mean": 0.06175023147471583,
   "r_std": 0.005680296196290509
  },
  "node-03:1": {
   "P_mean": 640.4789300411522,
   "T_mean": 61.18930041152263,
   "n": 486,
   "r_mean": 0.056598765182561295,
   "r_std": 0.005113059347570007
  },
  "node-03:2": {
   "P_mean": 639.3119916666667,
   "T_mean": 58.5375,
   "n": 480,
   "r_mean": 0.052751400964511336,
   "r_std": 0.006149682980384824
  },
  "node-03:3": {
   "P_mean": 649.3370504587157,
   "T_mean": 63.65596330275229,
   "n": 436,
   "r_mean": 0.05977860463125464,
   "r_std": 0.005912176240928304
  },
  "node-03:4": {
   "P_mean": 647.201938325991,
   "T_mean": 65.6784140969163,
   "n": 454,
   "r_mean": 0.06330775228228133,
   "r_std": 0.006244016611997927
  },
  "node-03:5": {
   "P_mean": 645.5243429752067,
   "T_mean": 60.78099173553719,
   "n": 484,
   "r_mean": 0.05558425062073265,
   "r_std": 0.005879820386112407
  },
  "node-03:6": {
   "P_mean": 647.320749003984,
   "T_mean": 71.88047808764941,
   "n": 502,
   "r_mean": 0.07305020142966218,
   "r_std": 0.007345908206301055
  },
  "node-03:7": {
   "P_mean": 656.8739774774774,
   "T_mean": 58.0990990990991,
   "n": 444,
   "r_mean": 0.05057242307028767,
   "r_std": 0.005636321128282147
  },
  "node-04:0": {
   "P_mean": 657.1965314960631,
   "T_mean": 68.40944881889764,
   "n": 508,
   "r_mean": 0.06658625204552233,
   "r_std": 0.008172075248788
  },
  "node-04:1": {
   "P_mean": 662.9619060150377,
   "T_mean": 59.432330827067666,
   "n": 532,
   "r_mean": 0.05199681107251446,
   "r_std": 0.005140409210703212
  },
  "node-04:2": {
   "P_mean": 663.3942885375494,
   "T_mean": 59.18577075098814,
   "n": 506,
   "r_mean": 0.051637717923617134,
   "r_std": 0.005927525078536843
  },
  "node-04:3": {
   "P_mean": 658.203975708502,
   "T_mean": 64.24291497975709,
   "n": 494,
   "r_mean": 0.05993001237057113,
   "r_std": 0.007397107432617408
  },
  "node-04:4": {
   "P_mean": 656.1960798479088,
   "T_mean": 69.32319391634981,
   "n": 526,
   "r_mean": 0.06802224573161916,
   "r_std": 0.007606767626304128
  },
  "node-04:5": {
   "P_mean": 661.0720322580645,
   "T_mean": 60.66129032258065,
   "n": 496,
   "r_mean": 0.05407972983799925,
   "r_std": 0.005768259099274374
  },
  "node-04:6": {
   "P_mean": 653.6332333333334,
   "T_mean": 65.45555555555555,
   "n": 540,
   "r_mean": 0.062409204610470316,
   "r_std": 0.008396718720533944
  },
  "node-04:7": {
   "P_mean": 656.3629382239382,
   "T_mean": 60.972972972972975,
   "n": 518,
   "r_mean": 0.055054653263102916,
   "r_std": 0.006240077777858431
  },
  "node-05:0": {
   "P_mean": 657.752968503937,
   "T_mean": 65.75196850393701,
   "n": 508,
   "r_mean": 0.06211907674682952,
   "r_std": 0.005247013146942292
  },
  "node-05:1": {
   "P_mean": 652.9032049180328,
   "T_mean": 58.122950819672134,
   "n": 488,
   "r_mean": 0.05080417839271229,
   "r_std": 0.00549438582534867
  },
  "node-05:2": {
   "P_mean": 654.5575891472869,
   "T_mean": 60.71705426356589,
   "n": 516,
   "r_mean": 0.054704165907700796,
   "r_std": 0.006758047594932344
  },
  "node-05:3": {
   "P_mean": 659.5336707317073,
   "T_mean": 62.390243902439025,
   "n": 492,
   "r_mean": 0.05682393144838402,
   "r_std": 0.0046333416692200076
  },
  "node-05:4": {
   "P_mean": 651.3470698529411,
   "T_mean": 63.63235294117647,
   "n": 544,
   "r_mean": 0.05979168106437028,
   "r_std": 0.006810144853826529
  },
  "node-05:5": {
   "P_mean": 662.7496472868216,
   "T_mean": 57.25968992248062,
   "n": 516,
   "r_mean": 0.048669561346845976,
   "r_std": 0.004789346092455682
  },
  "node-05:6": {
   "P_mean": 659.7296172839507,
   "T_mean": 61.37860082304527,
   "n": 486,
   "r_mean": 0.05542076950844773,
   "r_std": 0.005509085511194188
  },
  "node-05:7": {
   "P_mean": 653.2333602941176,
   "T_mean": 80.15808823529412,
   "n": 544,
   "r_mean": 0.08563051581090002,
   "r_std": 0.010426577372568063
  },
  "node-06:0": {
   "P_mean": 653.9603897637796,
   "T_mean": 67.61811023622047,
   "n": 508,
   "r_mean": 0.06581564541357632,
   "r_std": 0.008661781708735461
  },
  "node-06:1": {
   "P_mean": 649.4161574468085,
   "T_mean": 62.37872340425532,
   "n": 470,
   "r_mean": 0.05770407700295157,
   "r_std": 0.006024311088524541
  },
  "node-06:2": {
   "P_mean": 654.6246055776893,
   "T_mean": 59.633466135458164,
   "n": 502,
   "r_mean": 0.05305927904906684,
   "r_std": 0.005579908865902515
  },
  "node-06:3": {
   "P_mean": 657.0156566037736,
   "T_mean": 67.28679245283018,
   "n": 530,
   "r_mean": 0.0647429036293779,
   "r_std": 0.006684440699857592
  },
  "node-06:4": {
   "P_mean": 648.4620212765958,
   "T_mean": 69.93617021276596,
   "n": 470,
   "r_mean": 0.06999625286027389,
   "r_std": 0.00878413944471251
  },
  "node-06:5": {
   "P_mean": 656.0356666666667,
   "T_mean": 59.76706827309237,
   "n": 498,
   "r_mean": 0.053315147295935755,
   "r_std": 0.005993422273608471
  },
  "node-06:6": {
   "P_mean": 651.606336099585,
   "T_mean": 67.42738589211618,